spi,market_segment,landed,month,year
261.5,Core Central Region,1,2,2024
268.1,Core Central Region,1,1,2024
261.6,Core Central Region,1,12,2023
263.9,Core Central Region,1,11,2023
262.3,Core Central Region,1,10,2023
256.7,Core Central Region,1,9,2023
252.2,Core Central Region,1,8,2023
243.1,Core Central Region,1,7,2023
248.2,Core Central Region,1,6,2023
255.5,Core Central Region,1,5,2023
259.1,Core Central Region,1,4,2023
262.2,Core Central Region,1,3,2023
257.2,Core Central Region,1,2,2023
247.9,Core Central Region,1,1,2023
241.6,Core Central Region,1,12,2022
242,Core Central Region,1,11,2022
252.7,Core Central Region,1,10,2022
251.1,Core Central Region,1,9,2022
243.8,Core Central Region,1,8,2022
233,Core Central Region,1,7,2022
228,Core Central Region,1,6,2022
235.5,Core Central Region,1,5,2022
232.7,Core Central Region,1,4,2022
237.9,Core Central Region,1,3,2022
229.6,Core Central Region,1,2,2022
230,Core Central Region,1,1,2022
221.3,Core Central Region,1,12,2021
218.7,Core Central Region,1,11,2021
217.7,Core Central Region,1,10,2021
219.3,Core Central Region,1,9,2021
220.1,Core Central Region,1,8,2021
223,Core Central Region,1,7,2021
217.9,Core Central Region,1,6,2021
215.5,Core Central Region,1,5,2021
210,Core Central Region,1,4,2021
213.6,Core Central Region,1,3,2021
210,Core Central Region,1,2,2021
199.9,Core Central Region,1,1,2021
189.5,Core Central Region,1,12,2020
189.9,Core Central Region,1,11,2020
195.7,Core Central Region,1,10,2020
196.6,Core Central Region,1,9,2020
192,Core Central Region,1,8,2020
189.8,Core Central Region,1,7,2020
189.3,Core Central Region,1,6,2020
192.8,Core Central Region,1,5,2020
199.1,Core Central Region,1,4,2020
198.3,Core Central Region,1,3,2020
202.2,Core Central Region,1,2,2020
201,Core Central Region,1,1,2020
203.6,Core Central Region,1,12,2019
202.3,Core Central Region,1,11,2019
189,Core Central Region,1,10,2019
187,Core Central Region,1,9,2019
182.4,Core Central Region,1,8,2019
186.8,Core Central Region,1,7,2019
190,Core Central Region,1,6,2019
190.7,Core Central Region,1,5,2019
197.6,Core Central Region,1,4,2019
197.2,Core Central Region,1,3,2019
194.2,Core Central Region,1,2,2019
195.5,Core Central Region,1,1,2019
311.8,Rest of Central Region,1,2,2024
309.8,Rest of Central Region,1,1,2024
294.3,Rest of Central Region,1,12,2023
293.2,Rest of Central Region,1,11,2023
297.9,Rest of Central Region,1,10,2023
310.2,Rest of Central Region,1,9,2023
311,Rest of Central Region,1,8,2023
305,Rest of Central Region,1,7,2023
296.2,Rest of Central Region,1,6,2023
293.4,Rest of Central Region,1,5,2023
291.4,Rest of Central Region,1,4,2023
303.7,Rest of Central Region,1,3,2023
303.9,Rest of Central Region,1,2,2023
310.3,Rest of Central Region,1,1,2023
305.7,Rest of Central Region,1,12,2022
306.6,Rest of Central Region,1,11,2022
302.4,Rest of Central Region,1,10,2022
297,Rest of Central Region,1,9,2022
299.8,Rest of Central Region,1,8,2022
304,Rest of Central Region,1,7,2022
298.1,Rest of Central Region,1,6,2022
294,Rest of Central Region,1,5,2022
284.7,Rest of Central Region,1,4,2022
286.1,Rest of Central Region,1,3,2022
281,Rest of Central Region,1,2,2022
283.4,Rest of Central Region,1,1,2022
272.7,Rest of Central Region,1,12,2021
261.1,Rest of Central Region,1,11,2021
257.4,Rest of Central Region,1,10,2021
260,Rest of Central Region,1,9,2021
258.2,Rest of Central Region,1,8,2021
247.5,Rest of Central Region,1,7,2021
245.1,Rest of Central Region,1,6,2021
245.8,Rest of Central Region,1,5,2021
242.3,Rest of Central Region,1,4,2021
239.2,Rest of Central Region,1,3,2021
233.8,Rest of Central Region,1,2,2021
232.6,Rest of Central Region,1,1,2021
227,Rest of Central Region,1,12,2020
224.8,Rest of Central Region,1,11,2020
222.3,Rest of Central Region,1,10,2020
221,Rest of Central Region,1,9,2020
215.2,Rest of Central Region,1,8,2020
220.9,Rest of Central Region,1,7,2020
226.8,Rest of Central Region,1,6,2020
234.6,Rest of Central Region,1,5,2020
230.9,Rest of Central Region,1,4,2020
220.4,Rest of Central Region,1,3,2020
218.1,Rest of Central Region,1,2,2020
214.1,Rest of Central Region,1,1,2020
218.3,Rest of Central Region,1,12,2019
215.4,Rest of Central Region,1,11,2019
217.2,Rest of Central Region,1,10,2019
214.5,Rest of Central Region,1,9,2019
217.1,Rest of Central Region,1,8,2019
209.6,Rest of Central Region,1,7,2019
215,Rest of Central Region,1,6,2019
212.3,Rest of Central Region,1,5,2019
213.7,Rest of Central Region,1,4,2019
212.6,Rest of Central Region,1,3,2019
211.5,Rest of Central Region,1,2,2019
213.5,Rest of Central Region,1,1,2019
298.2,Outside Central Region,1,2,2024
295.9,Outside Central Region,1,1,2024
299.9,Outside Central Region,1,12,2023
307.9,Outside Central Region,1,11,2023
305.7,Outside Central Region,1,10,2023
300.2,Outside Central Region,1,9,2023
297.3,Outside Central Region,1,8,2023
295.8,Outside Central Region,1,7,2023
298.6,Outside Central Region,1,6,2023
299.9,Outside Central Region,1,5,2023
297.8,Outside Central Region,1,4,2023
294.8,Outside Central Region,1,3,2023
290.2,Outside Central Region,1,2,2023
290.9,Outside Central Region,1,1,2023
286.9,Outside Central Region,1,12,2022
290.5,Outside Central Region,1,11,2022
289.2,Outside Central Region,1,10,2022
291.1,Outside Central Region,1,9,2022
286.2,Outside Central Region,1,8,2022
282,Outside Central Region,1,7,2022
273.2,Outside Central Region,1,6,2022
267.8,Outside Central Region,1,5,2022
268.4,Outside Central Region,1,4,2022
265.3,Outside Central Region,1,3,2022
263.8,Outside Central Region,1,2,2022
259.8,Outside Central Region,1,1,2022
258.2,Outside Central Region,1,12,2021
257.3,Outside Central Region,1,11,2021
251.2,Outside Central Region,1,10,2021
249.9,Outside Central Region,1,9,2021
243.2,Outside Central Region,1,8,2021
241.9,Outside Central Region,1,7,2021
238.5,Outside Central Region,1,6,2021
236.2,Outside Central Region,1,5,2021
235.1,Outside Central Region,1,4,2021
231.6,Outside Central Region,1,3,2021
226.4,Outside Central Region,1,2,2021
218.5,Outside Central Region,1,1,2021
217,Outside Central Region,1,12,2020
220,Outside Central Region,1,11,2020
224.4,Outside Central Region,1,10,2020
222.8,Outside Central Region,1,9,2020
222.1,Outside Central Region,1,8,2020
220.2,Outside Central Region,1,7,2020
228.5,Outside Central Region,1,6,2020
230.1,Outside Central Region,1,5,2020
230.6,Outside Central Region,1,4,2020
221.3,Outside Central Region,1,3,2020
216.1,Outside Central Region,1,2,2020
215.6,Outside Central Region,1,1,2020
215.8,Outside Central Region,1,12,2019
223.3,Outside Central Region,1,11,2019
221.3,Outside Central Region,1,10,2019
218.3,Outside Central Region,1,9,2019
211.7,Outside Central Region,1,8,2019
212.6,Outside Central Region,1,7,2019
217.1,Outside Central Region,1,6,2019
215.2,Outside Central Region,1,5,2019
213.7,Outside Central Region,1,4,2019
210.6,Outside Central Region,1,3,2019
211.3,Outside Central Region,1,2,2019
210.3,Outside Central Region,1,1,2019
232.9,Core Central Region,0,2,2024
234.8,Core Central Region,0,1,2024
232.2,Core Central Region,0,12,2023
253.4,Core Central Region,0,11,2023
225.8,Core Central Region,0,10,2023
229.9,Core Central Region,0,9,2023
226.6,Core Central Region,0,8,2023
225.9,Core Central Region,0,7,2023
222.1,Core Central Region,0,6,2023
224.6,Core Central Region,0,5,2023
220.6,Core Central Region,0,4,2023
220.4,Core Central Region,0,3,2023
222.3,Core Central Region,0,2,2023
223.7,Core Central Region,0,1,2023
219.9,Core Central Region,0,12,2022
221.2,Core Central Region,0,11,2022
219.4,Core Central Region,0,10,2022
217.9,Core Central Region,0,9,2022
218.1,Core Central Region,0,8,2022
216.1,Core Central Region,0,7,2022
215.9,Core Central Region,0,6,2022
214.1,Core Central Region,0,5,2022
215.3,Core Central Region,0,4,2022
212.1,Core Central Region,0,3,2022
210.6,Core Central Region,0,2,2022
211.5,Core Central Region,0,1,2022
209.8,Core Central Region,0,12,2021
207.5,Core Central Region,0,11,2021
208.1,Core Central Region,0,10,2021
205.5,Core Central Region,0,9,2021
204.9,Core Central Region,0,8,2021
203.4,Core Central Region,0,7,2021
196.7,Core Central Region,0,6,2021
206.2,Core Central Region,0,5,2021
211.9,Core Central Region,0,4,2021
206.7,Core Central Region,0,3,2021
195.8,Core Central Region,0,2,2021
194,Core Central Region,0,1,2021
193.4,Core Central Region,0,12,2020
195.3,Core Central Region,0,11,2020
190.4,Core Central Region,0,10,2020
191.9,Core Central Region,0,9,2020
192.4,Core Central Region,0,8,2020
192,Core Central Region,0,7,2020
193,Core Central Region,0,6,2020
194.6,Core Central Region,0,5,2020
195.1,Core Central Region,0,4,2020
190.8,Core Central Region,0,3,2020
206.4,Core Central Region,0,2,2020
198.1,Core Central Region,0,1,2020
201.2,Core Central Region,0,12,2019
204.2,Core Central Region,0,11,2019
207.1,Core Central Region,0,10,2019
204.7,Core Central Region,0,9,2019
199.3,Core Central Region,0,8,2019
201.6,Core Central Region,0,7,2019
201.6,Core Central Region,0,6,2019
199.3,Core Central Region,0,5,2019
201.8,Core Central Region,0,4,2019
198.8,Core Central Region,0,3,2019
194.6,Core Central Region,0,2,2019
197.5,Core Central Region,0,1,2019
280.2,Rest of Central Region,0,2,2024
280.7,Rest of Central Region,0,1,2024
276.6,Rest of Central Region,0,12,2023
276.4,Rest of Central Region,0,11,2023
279.4,Rest of Central Region,0,10,2023
278.8,Rest of Central Region,0,9,2023
274.7,Rest of Central Region,0,8,2023
277.4,Rest of Central Region,0,7,2023
274.2,Rest of Central Region,0,6,2023
279.1,Rest of Central Region,0,5,2023
269.1,Rest of Central Region,0,4,2023
268.7,Rest of Central Region,0,3,2023
278.2,Rest of Central Region,0,2,2023
263.4,Rest of Central Region,0,1,2023
262.7,Rest of Central Region,0,12,2022
266.4,Rest of Central Region,0,11,2022
265.2,Rest of Central Region,0,10,2022
260,Rest of Central Region,0,9,2022
260.5,Rest of Central Region,0,8,2022
258.4,Rest of Central Region,0,7,2022
257.1,Rest of Central Region,0,6,2022
256.6,Rest of Central Region,0,5,2022
251.7,Rest of Central Region,0,4,2022
245.8,Rest of Central Region,0,3,2022
244.7,Rest of Central Region,0,2,2022
243.8,Rest of Central Region,0,1,2022
241.5,Rest of Central Region,0,12,2021
240.4,Rest of Central Region,0,11,2021
239.9,Rest of Central Region,0,10,2021
236.3,Rest of Central Region,0,9,2021
233.2,Rest of Central Region,0,8,2021
234.8,Rest of Central Region,0,7,2021
233.9,Rest of Central Region,0,6,2021
230.8,Rest of Central Region,0,5,2021
232.9,Rest of Central Region,0,4,2021
225.6,Rest of Central Region,0,3,2021
222.6,Rest of Central Region,0,2,2021
218.9,Rest of Central Region,0,1,2021
221.1,Rest of Central Region,0,12,2020
222.6,Rest of Central Region,0,11,2020
222.4,Rest of Central Region,0,10,2020
224.9,Rest of Central Region,0,9,2020
220,Rest of Central Region,0,8,2020
218.8,Rest of Central Region,0,7,2020
222.2,Rest of Central Region,0,6,2020
222.7,Rest of Central Region,0,5,2020
212.9,Rest of Central Region,0,4,2020
218,Rest of Central Region,0,3,2020
220.6,Rest of Central Region,0,2,2020
220.2,Rest of Central Region,0,1,2020
217.4,Rest of Central Region,0,12,2019
221.4,Rest of Central Region,0,11,2019
221.4,Rest of Central Region,0,10,2019
223.6,Rest of Central Region,0,9,2019
220.3,Rest of Central Region,0,8,2019
228.8,Rest of Central Region,0,7,2019
221.3,Rest of Central Region,0,6,2019
223.1,Rest of Central Region,0,5,2019
214,Rest of Central Region,0,4,2019
210.4,Rest of Central Region,0,3,2019
210.6,Rest of Central Region,0,2,2019
213.3,Rest of Central Region,0,1,2019
270.3,Outside Central Region,0,2,2024
272.5,Outside Central Region,0,1,2024
267.4,Outside Central Region,0,12,2023
291.6,Outside Central Region,0,11,2023
266.6,Outside Central Region,0,10,2023
261.6,Outside Central Region,0,9,2023
265.3,Outside Central Region,0,8,2023
268.2,Outside Central Region,0,7,2023
253.2,Outside Central Region,0,6,2023
254.5,Outside Central Region,0,5,2023
251.5,Outside Central Region,0,4,2023
260.2,Outside Central Region,0,3,2023
247.7,Outside Central Region,0,2,2023
246.9,Outside Central Region,0,1,2023
243.5,Outside Central Region,0,12,2022
242.5,Outside Central Region,0,11,2022
242,Outside Central Region,0,10,2022
256.3,Outside Central Region,0,9,2022
237.5,Outside Central Region,0,8,2022
248.6,Outside Central Region,0,7,2022
233.9,Outside Central Region,0,6,2022
236.9,Outside Central Region,0,5,2022
230.2,Outside Central Region,0,4,2022
230.3,Outside Central Region,0,3,2022
228.1,Outside Central Region,0,2,2022
227,Outside Central Region,0,1,2022
225.5,Outside Central Region,0,12,2021
226.4,Outside Central Region,0,11,2021
222.5,Outside Central Region,0,10,2021
220.6,Outside Central Region,0,9,2021
223,Outside Central Region,0,8,2021
223.4,Outside Central Region,0,7,2021
213.5,Outside Central Region,0,6,2021
212.7,Outside Central Region,0,5,2021
208.8,Outside Central Region,0,4,2021
208.8,Outside Central Region,0,3,2021
208.1,Outside Central Region,0,2,2021
206.3,Outside Central Region,0,1,2021
207.3,Outside Central Region,0,12,2020
204.7,Outside Central Region,0,11,2020
203.9,Outside Central Region,0,10,2020
205.3,Outside Central Region,0,9,2020
206.1,Outside Central Region,0,8,2020
204.3,Outside Central Region,0,7,2020
209.6,Outside Central Region,0,6,2020
206.7,Outside Central Region,0,5,2020
194.7,Outside Central Region,0,4,2020
200.3,Outside Central Region,0,3,2020
200.8,Outside Central Region,0,2,2020
198.6,Outside Central Region,0,1,2020
200,Outside Central Region,0,12,2019
210.5,Outside Central Region,0,11,2019
199.1,Outside Central Region,0,10,2019
199.4,Outside Central Region,0,9,2019
199.9,Outside Central Region,0,8,2019
198.9,Outside Central Region,0,7,2019
199.3,Outside Central Region,0,6,2019
201.9,Outside Central Region,0,5,2019
198.1,Outside Central Region,0,4,2019
198.6,Outside Central Region,0,3,2019
195.5,Outside Central Region,0,2,2019
195,Outside Central Region,0,1,2019
266.23332,CCR,1,2,2024
266.3311755,CCR,1,3,2024
266.8254403,CCR,1,4,2024
267.3640605,CCR,1,5,2024
267.8301963,CCR,1,6,2024
268.3233548,CCR,1,7,2024
268.8180911,CCR,1,8,2024
269.2725872,CCR,1,9,2024
269.6955154,CCR,1,10,2024
270.200877,CCR,1,11,2024
270.9032869,CCR,1,12,2024
271.5392549,CCR,1,1,2025
272.1727491,CCR,1,2,2025
272.87695,CCR,1,3,2025
273.275282,CCR,1,4,2025
273.6722264,CCR,1,5,2025
273.9936203,CCR,1,6,2025
274.5001355,CCR,1,7,2025
275.0176197,CCR,1,8,2025
275.5783015,CCR,1,9,2025
276.1065164,CCR,1,10,2025
276.4130202,CCR,1,11,2025
276.9783589,CCR,1,12,2025
277.2648154,CCR,1,1,2026
277.6995683,CCR,1,2,2026
278.352515,CCR,1,3,2026
278.5167782,CCR,1,4,2026
279.1205231,CCR,1,5,2026
279.7570467,CCR,1,6,2026
280.2326219,CCR,1,7,2026
280.6822098,CCR,1,8,2026
281.1916643,CCR,1,9,2026
281.9178061,CCR,1,10,2026
282.1902296,CCR,1,11,2026
282.6760208,CCR,1,12,2026
283.2339512,CCR,1,1,2027
283.7884402,CCR,1,2,2027
284.5543273,CCR,1,3,2027
285.1398392,CCR,1,4,2027
285.6475546,CCR,1,5,2027
286.1022865,CCR,1,6,2027
286.7319726,CCR,1,7,2027
287.3392834,CCR,1,8,2027
287.8609214,CCR,1,9,2027
288.3963893,CCR,1,10,2027
289.023613,CCR,1,11,2027
289.484405,CCR,1,12,2027
289.9439889,CCR,1,1,2028
290.6094371,CCR,1,2,2028
290.7961044,CCR,1,3,2028
291.3281682,CCR,1,4,2028
291.705249,CCR,1,5,2028
292.1482245,CCR,1,6,2028
292.759997,CCR,1,7,2028
293.2721444,CCR,1,8,2028
293.8503279,CCR,1,9,2028
294.3672208,CCR,1,10,2028
295.0447247,CCR,1,11,2028
295.5584359,CCR,1,12,2028
296.0705123,CCR,1,1,2029
296.5025763,CCR,1,2,2029
297.0153226,CCR,1,3,2029
297.1492826,CCR,1,4,2029
297.5682308,CCR,1,5,2029
297.8592969,CCR,1,6,2029
298.4351963,CCR,1,7,2029
298.6146541,CCR,1,8,2029
299.2185791,CCR,1,9,2029
299.9481692,CCR,1,10,2029
300.3840055,CCR,1,11,2029
300.9914291,CCR,1,12,2029
301.5947837,CCR,1,1,2030
302.1477735,CCR,1,2,2030
302.8585406,CCR,1,3,2030
303.5156202,CCR,1,4,2030
303.9527751,CCR,1,5,2030
304.6794087,CCR,1,6,2030
305.3282997,CCR,1,7,2030
305.9585478,CCR,1,8,2030
306.5880885,CCR,1,9,2030
307.176713,CCR,1,10,2030
307.5805089,CCR,1,11,2030
308.1007099,CCR,1,12,2030
308.7003476,CCR,1,1,2031
309.3996638,CCR,1,2,2031
309.8038024,CCR,1,3,2031
310.3209696,CCR,1,4,2031
310.8155302,CCR,1,5,2031
311.3009291,CCR,1,6,2031
311.7514927,CCR,1,7,2031
312.208841,CCR,1,8,2031
312.8267923,CCR,1,9,2031
313.2672777,CCR,1,10,2031
313.7625291,CCR,1,11,2031
314.1748816,CCR,1,12,2031
314.6002886,CCR,1,1,2032
315.1815443,CCR,1,2,2032
315.7878772,CCR,1,3,2032
316.2834241,CCR,1,4,2032
316.9573125,CCR,1,5,2032
317.6636966,CCR,1,6,2032
318.185597,CCR,1,7,2032
318.7090409,CCR,1,8,2032
319.1747519,CCR,1,9,2032
319.5865129,CCR,1,10,2032
319.8782432,CCR,1,11,2032
320.1683049,CCR,1,12,2032
320.6721062,CCR,1,1,2033
321.3831811,CCR,1,2,2033
321.7913422,CCR,1,3,2033
322.2309566,CCR,1,4,2033
322.839498,CCR,1,5,2033
323.4188946,CCR,1,6,2033
324.1606166,CCR,1,7,2033
324.4574477,CCR,1,8,2033
325.0258022,CCR,1,9,2033
325.3988259,CCR,1,10,2033
325.9290348,CCR,1,11,2033
326.3845616,CCR,1,12,2033
326.8056637,CCR,1,1,2034
327.5064257,CCR,1,2,2034
327.8126459,CCR,1,3,2034
328.376758,CCR,1,4,2034
328.8313387,CCR,1,5,2034
329.3747184,CCR,1,6,2034
329.6786042,CCR,1,7,2034
330.1355634,CCR,1,8,2034
330.5445392,CCR,1,9,2034
331.1977497,CCR,1,10,2034
331.7056082,CCR,1,11,2034
332.3601175,CCR,1,12,2034
332.8731771,CCR,1,1,2035
333.4481241,CCR,1,2,2035
334.1426639,CCR,1,3,2035
334.5851497,CCR,1,4,2035
335.3874577,CCR,1,5,2035
335.8812979,CCR,1,6,2035
336.505753,CCR,1,7,2035
336.8662242,CCR,1,8,2035
337.3905226,CCR,1,9,2035
337.8392089,CCR,1,10,2035
338.2470039,CCR,1,11,2035
338.9674621,CCR,1,12,2035
339.6510167,CCR,1,1,2036
340.2192247,CCR,1,2,2036
340.7146027,CCR,1,3,2036
341.1221285,CCR,1,4,2036
341.5751745,CCR,1,5,2036
342.0496156,CCR,1,6,2036
342.7169207,CCR,1,7,2036
343.2076726,CCR,1,8,2036
343.6909314,CCR,1,9,2036
344.1465275,CCR,1,10,2036
344.7113492,CCR,1,11,2036
345.0398276,CCR,1,12,2036
345.5580522,CCR,1,1,2037
345.9688662,CCR,1,2,2037
346.2984228,CCR,1,3,2037
346.9458201,CCR,1,4,2037
347.5463363,CCR,1,5,2037
348.1136477,CCR,1,6,2037
348.8666136,CCR,1,7,2037
349.520207,CCR,1,8,2037
350.3417271,CCR,1,9,2037
350.8658269,CCR,1,10,2037
351.6208291,CCR,1,11,2037
352.2338146,CCR,1,12,2037
352.5955274,CCR,1,1,2038
352.9682278,CCR,1,2,2038
353.7256157,CCR,1,3,2038
353.8671355,CCR,1,4,2038
354.5589901,CCR,1,5,2038
355.078355,CCR,1,6,2038
355.4745785,CCR,1,7,2038
356.2101629,CCR,1,8,2038
356.9024567,CCR,1,9,2038
357.2746994,CCR,1,10,2038
357.7654111,CCR,1,11,2038
358.3222803,CCR,1,12,2038
358.7450002,CCR,1,1,2039
359.1942064,CCR,1,2,2039
359.7652626,CCR,1,3,2039
360.4615199,CCR,1,4,2039
360.9914742,CCR,1,5,2039
361.562599,CCR,1,6,2039
362.1702973,CCR,1,7,2039
362.5284374,CCR,1,8,2039
363.0522306,CCR,1,9,2039
363.3069743,CCR,1,10,2039
363.7113547,CCR,1,11,2039
364.0327342,CCR,1,12,2039
364.4638661,CCR,1,1,2040
364.8533396,CCR,1,2,2040
365.4598515,CCR,1,3,2040
365.916189,CCR,1,4,2040
366.4505786,CCR,1,5,2040
367.14999,CCR,1,6,2040
367.4801863,CCR,1,7,2040
368.1143177,CCR,1,8,2040
368.7219342,CCR,1,9,2040
369.2630429,CCR,1,10,2040
369.8380985,CCR,1,11,2040
370.1940198,CCR,1,12,2040
370.827241,CCR,1,1,2041
371.1706966,CCR,1,2,2041
371.7530947,CCR,1,3,2041
372.3066082,CCR,1,4,2041
372.8581998,CCR,1,5,2041
373.4096989,CCR,1,6,2041
374.0263903,CCR,1,7,2041
374.4552221,CCR,1,8,2041
374.9392579,CCR,1,9,2041
375.5654042,CCR,1,10,2041
376.1879356,CCR,1,11,2041
376.4836721,CCR,1,12,2041
376.6012947,CCR,1,1,2042
376.9082614,CCR,1,2,2042
377.3546342,CCR,1,3,2042
377.9884084,CCR,1,4,2042
378.278975,CCR,1,5,2042
378.7057772,CCR,1,6,2042
379.269528,CCR,1,7,2042
379.8195139,CCR,1,8,2042
380.5065965,CCR,1,9,2042
381.0409191,CCR,1,10,2042
381.627119,CCR,1,11,2042
382.3271347,CCR,1,12,2042
382.8280202,CCR,1,1,2043
383.4672412,CCR,1,2,2043
384.2198949,CCR,1,3,2043
384.661398,CCR,1,4,2043
385.1112941,CCR,1,5,2043
385.5186737,CCR,1,6,2043
385.8832361,CCR,1,7,2043
386.5444074,CCR,1,8,2043
387.1395266,CCR,1,9,2043
387.8015201,CCR,1,10,2043
388.2817452,CCR,1,11,2043
388.8246392,CCR,1,12,2043
389.4946868,CCR,1,1,2044
390.1068512,CCR,1,2,2044
390.7634072,CCR,1,3,2044
391.0453976,CCR,1,4,2044
391.5294136,CCR,1,5,2044
392.1782353,CCR,1,6,2044
392.7341703,CCR,1,7,2044
393.4431157,CCR,1,8,2044
393.855158,CCR,1,9,2044
394.3726238,CCR,1,10,2044
394.966761,CCR,1,11,2044
395.672051,CCR,1,12,2044
396.3352162,CCR,1,1,2045
396.7389197,CCR,1,2,2045
397.1868783,CCR,1,3,2045
397.637856,CCR,1,4,2045
397.897362,CCR,1,5,2045
398.4215855,CCR,1,6,2045
399.0921995,CCR,1,7,2045
399.7778221,CCR,1,8,2045
400.4237435,CCR,1,9,2045
400.9678927,CCR,1,10,2045
401.4270541,CCR,1,11,2045
402.0267744,CCR,1,12,2045
402.2062181,CCR,1,1,2046
402.5524442,CCR,1,2,2046
403.0156861,CCR,1,3,2046
403.5809406,CCR,1,4,2046
404.1658032,CCR,1,5,2046
404.5540581,CCR,1,6,2046
404.9687711,CCR,1,7,2046
405.2384604,CCR,1,8,2046
405.7491105,CCR,1,9,2046
406.3087004,CCR,1,10,2046
406.9151872,CCR,1,11,2046
407.4371902,CCR,1,12,2046
407.9711892,CCR,1,1,2047
408.4261507,CCR,1,2,2047
408.6769379,CCR,1,3,2047
409.3022452,CCR,1,4,2047
409.9992793,CCR,1,5,2047
410.43708,CCR,1,6,2047
410.9525087,CCR,1,7,2047
411.3265695,CCR,1,8,2047
411.7382038,CCR,1,9,2047
412.3576411,CCR,1,10,2047
412.9270193,CCR,1,11,2047
413.3320194,CCR,1,12,2047
413.8127771,CCR,1,1,2048
414.4171968,CCR,1,2,2048
415.0496831,CCR,1,3,2048
415.7346503,CCR,1,4,2048
416.3625393,CCR,1,5,2048
417.0120251,CCR,1,6,2048
417.6446637,CCR,1,7,2048
418.3595265,CCR,1,8,2048
419.0520224,CCR,1,9,2048
419.4893484,CCR,1,10,2048
420.217675,CCR,1,11,2048
420.8957517,CCR,1,12,2048
421.3671176,CCR,1,1,2049
421.7283083,CCR,1,2,2049
422.1471362,CCR,1,3,2049
422.6929126,CCR,1,4,2049
423.3951295,CCR,1,5,2049
423.9597459,CCR,1,6,2049
424.5141798,CCR,1,7,2049
424.8594274,CCR,1,8,2049
425.5161442,CCR,1,9,2049
426.1380798,CCR,1,10,2049
426.7320326,CCR,1,11,2049
427.240468,CCR,1,12,2049
427.6769473,CCR,1,1,2050
428.2563435,CCR,1,2,2050
428.7762669,CCR,1,3,2050
429.1430975,CCR,1,4,2050
429.8303529,CCR,1,5,2050
430.1414878,CCR,1,6,2050
430.5694378,CCR,1,7,2050
430.956362,CCR,1,8,2050
431.5680729,CCR,1,9,2050
432.0796755,CCR,1,10,2050
432.5520912,CCR,1,11,2050
433.0957096,CCR,1,12,2050
295.842779,OCR,1,2,2024
296.1197093,OCR,1,3,2024
296.5622214,OCR,1,4,2024
297.0563274,OCR,1,5,2024
297.5278038,OCR,1,6,2024
297.9965706,OCR,1,7,2024
298.4503587,OCR,1,8,2024
298.9052434,OCR,1,9,2024
299.3500582,OCR,1,10,2024
299.84644,OCR,1,11,2024
300.4732555,OCR,1,12,2024
301.0975929,OCR,1,1,2025
301.7211087,OCR,1,2,2025
302.3854295,OCR,1,3,2025
302.8636806,OCR,1,4,2025
303.3307171,OCR,1,5,2025
303.7179837,OCR,1,6,2025
304.2156112,OCR,1,7,2025
304.7059948,OCR,1,8,2025
305.237118,OCR,1,9,2025
305.7523458,OCR,1,10,2025
306.1449849,OCR,1,11,2025
306.6422227,OCR,1,12,2025
307.0091037,OCR,1,1,2026
307.4568726,OCR,1,2,2026
308.0281203,OCR,1,3,2026
308.3290439,OCR,1,4,2026
308.8727312,OCR,1,5,2026
309.41878,OCR,1,6,2026
309.9006986,OCR,1,7,2026
310.3540163,OCR,1,8,2026
310.8415881,OCR,1,9,2026
311.4546213,OCR,1,10,2026
311.8315249,OCR,1,11,2026
312.3257749,OCR,1,12,2026
312.8521173,OCR,1,1,2027
313.3555735,OCR,1,2,2027
313.9903576,OCR,1,3,2027
314.5658969,OCR,1,4,2027
315.0908688,OCR,1,5,2027
315.5862772,OCR,1,6,2027
316.1699953,OCR,1,7,2027
316.745825,OCR,1,8,2027
317.2510938,OCR,1,9,2027
317.784819,OCR,1,10,2027
318.3632403,OCR,1,11,2027
318.8592713,OCR,1,12,2027
319.3305516,OCR,1,1,2028
319.9349828,OCR,1,2,2028
320.2447366,OCR,1,3,2028
320.7634762,OCR,1,4,2028
321.1600779,OCR,1,5,2028
321.6255038,OCR,1,6,2028
322.1580889,OCR,1,7,2028
322.6712836,OCR,1,8,2028
323.2067104,OCR,1,9,2028
323.7012679,OCR,1,10,2028
324.3051706,OCR,1,11,2028
324.8405098,OCR,1,12,2028
325.3773315,OCR,1,1,2029
325.8596795,OCR,1,2,2029
326.3977832,OCR,1,3,2029
326.6583362,OCR,1,4,2029
327.0959461,OCR,1,5,2029
327.4335331,OCR,1,6,2029
327.9501863,OCR,1,7,2029
328.224498,OCR,1,8,2029
328.7245403,OCR,1,9,2029
329.3490801,OCR,1,10,2029
329.8353565,OCR,1,11,2029
330.4039317,OCR,1,12,2029
330.976511,OCR,1,1,2030
331.5188876,OCR,1,2,2030
332.1429654,OCR,1,3,2030
332.7765364,OCR,1,4,2030
333.2621251,OCR,1,5,2030
333.939404,OCR,1,6,2030
334.5514264,OCR,1,7,2030
335.1299613,OCR,1,8,2030
335.7345419,OCR,1,9,2030
336.3185907,OCR,1,10,2030
336.7567932,OCR,1,11,2030
337.2760684,OCR,1,12,2030
337.8421271,OCR,1,1,2031
338.4648964,OCR,1,2,2031
338.9304752,OCR,1,3,2031
339.4262118,OCR,1,4,2031
339.93917,OCR,1,5,2031
340.4060346,OCR,1,6,2031
340.8715708,OCR,1,7,2031
341.3421108,OCR,1,8,2031
341.9002794,OCR,1,9,2031
342.3498713,OCR,1,10,2031
342.8397138,OCR,1,11,2031
343.2905038,OCR,1,12,2031
343.7421555,OCR,1,1,2032
344.2820191,OCR,1,2,2032
344.8428034,OCR,1,3,2032
345.3407677,OCR,1,4,2032
345.9739341,OCR,1,5,2032
346.6015296,OCR,1,6,2032
347.1417251,OCR,1,7,2032
347.6736095,OCR,1,8,2032
348.1506259,OCR,1,9,2032
348.5965971,OCR,1,10,2032
348.9643364,OCR,1,11,2032
349.3129105,OCR,1,12,2032
349.7815478,OCR,1,1,2033
350.3810043,OCR,1,2,2033
350.8147381,OCR,1,3,2033
351.2436871,OCR,1,4,2033
351.8023251,OCR,1,5,2033
352.3188217,OCR,1,6,2033
352.9628042,OCR,1,7,2033
353.3238792,OCR,1,8,2033
353.853988,OCR,1,9,2033
354.2878816,OCR,1,10,2033
354.7808663,OCR,1,11,2033
355.2594557,OCR,1,12,2033
355.7007875,OCR,1,1,2034
356.3110191,OCR,1,2,2034
356.685647,OCR,1,3,2034
357.1940486,OCR,1,4,2034
357.6643867,OCR,1,5,2034
358.1722893,OCR,1,6,2034
358.5356712,OCR,1,7,2034
358.9746364,OCR,1,8,2034
359.3920481,OCR,1,9,2034
359.9597095,OCR,1,10,2034
360.4433045,OCR,1,11,2034
361.0191569,OCR,1,12,2034
361.5111726,OCR,1,1,2035
362.0786398,OCR,1,2,2035
362.7118378,OCR,1,3,2035
363.1789816,OCR,1,4,2035
363.8712891,OCR,1,5,2035
364.3933611,OCR,1,6,2035
364.9933302,OCR,1,7,2035
365.4053357,OCR,1,8,2035
365.9184385,OCR,1,9,2035
366.3909243,OCR,1,10,2035
366.8245035,OCR,1,11,2035
367.4450119,OCR,1,12,2035
368.0516705,OCR,1,1,2036
368.6035992,OCR,1,2,2036
369.1314809,OCR,1,3,2036
369.5901555,OCR,1,4,2036
370.0665435,OCR,1,5,2036
370.5517852,OCR,1,6,2036
371.1360762,OCR,1,7,2036
371.6515624,OCR,1,8,2036
372.1417564,OCR,1,9,2036
372.603733,OCR,1,10,2036
373.1376738,OCR,1,11,2036
373.5435217,OCR,1,12,2036
374.0566636,OCR,1,1,2037
374.4879779,OCR,1,2,2037
374.8755185,OCR,1,3,2037
375.4491764,OCR,1,4,2037
376.0165097,OCR,1,5,2037
376.5749048,OCR,1,6,2037
377.2273606,OCR,1,7,2037
377.8274993,OCR,1,8,2037
378.5537573,OCR,1,9,2037
379.1101001,OCR,1,10,2037
379.8152136,OCR,1,11,2037
380.4329325,OCR,1,12,2037
380.8878413,OCR,1,1,2038
381.3564775,OCR,1,2,2038
382.0249252,OCR,1,3,2038
382.3371744,OCR,1,4,2038
382.9532593,OCR,1,5,2038
383.4927884,OCR,1,6,2038
383.9145672,OCR,1,7,2038
384.5638787,OCR,1,8,2038
385.1964413,OCR,1,9,2038
385.644828,OCR,1,10,2038
386.1355406,OCR,1,11,2038
386.6807096,OCR,1,12,2038
387.1429647,OCR,1,1,2039
387.61226,OCR,1,2,2039
388.1666206,OCR,1,3,2039
388.8205787,OCR,1,4,2039
389.3643461,OCR,1,5,2039
389.9314139,OCR,1,6,2039
390.5193364,OCR,1,7,2039
390.9280105,OCR,1,8,2039
391.4537999,OCR,1,9,2039
391.8239005,OCR,1,10,2039
392.2461741,OCR,1,11,2039
392.6083108,OCR,1,12,2039
393.0590272,OCR,1,1,2040
393.4715047,OCR,1,2,2040
394.0039148,OCR,1,3,2040
394.4769258,OCR,1,4,2040
395.0005436,OCR,1,5,2040
395.633553,OCR,1,6,2040
396.0618064,OCR,1,7,2040
396.638396,OCR,1,8,2040
397.2082939,OCR,1,9,2040
397.7365967,OCR,1,10,2040
398.2877122,OCR,1,11,2040
398.6794209,OCR,1,12,2040
399.2620907,OCR,1,1,2041
399.6861817,OCR,1,2,2041
400.2151612,OCR,1,3,2041
400.7584143,OCR,1,4,2041
401.3112469,OCR,1,5,2041
401.8393682,OCR,1,6,2041
402.4210695,OCR,1,7,2041
402.8868905,OCR,1,8,2041
403.379321,OCR,1,9,2041
403.970163,OCR,1,10,2041
404.5436239,OCR,1,11,2041
404.9374321,OCR,1,12,2041
405.1977318,OCR,1,1,2042
405.5634614,OCR,1,2,2042
405.9871791,OCR,1,3,2042
406.53842,OCR,1,4,2042
406.8963212,OCR,1,5,2042
407.3349215,OCR,1,6,2042
407.8483384,OCR,1,7,2042
408.3601311,OCR,1,8,2042
408.9632291,OCR,1,9,2042
409.495663,OCR,1,10,2042
410.0627139,OCR,1,11,2042
410.7162667,OCR,1,12,2042
411.258694,OCR,1,1,2043
411.889872,OCR,1,2,2043
412.5680189,OCR,1,3,2043
413.0700705,OCR,1,4,2043
413.5741076,OCR,1,5,2043
414.0299636,OCR,1,6,2043
414.4397973,OCR,1,7,2043
415.0101522,OCR,1,8,2043
415.5528779,OCR,1,9,2043
416.1395622,OCR,1,10,2043
416.6407165,OCR,1,11,2043
417.1683807,OCR,1,12,2043
417.7521235,OCR,1,1,2044
418.3199526,OCR,1,2,2044
418.9373922,OCR,1,3,2044
419.3495452,OCR,1,4,2044
419.8544612,OCR,1,5,2044
420.4264146,OCR,1,6,2044
420.9684334,OCR,1,7,2044
421.5996093,OCR,1,8,2044
422.0367005,OCR,1,9,2044
422.5489903,OCR,1,10,2044
423.0733621,OCR,1,11,2044
423.6956046,OCR,1,12,2044
424.2965076,OCR,1,1,2045
424.7522028,OCR,1,2,2045
425.2236974,OCR,1,3,2045
425.7038143,OCR,1,4,2045
426.0390398,OCR,1,5,2045
426.5312857,OCR,1,6,2045
427.1091204,OCR,1,7,2045
427.7154881,OCR,1,8,2045
428.3223278,OCR,1,9,2045
428.8726477,OCR,1,10,2045
429.3657988,OCR,1,11,2045
429.9352246,OCR,1,12,2045
430.2460148,OCR,1,1,2046
430.6410546,OCR,1,2,2046
431.0874612,OCR,1,3,2046
431.6112666,OCR,1,4,2046
432.1871761,OCR,1,5,2046
432.6135559,OCR,1,6,2046
433.0732005,OCR,1,7,2046
433.416686,OCR,1,8,2046
433.9220908,OCR,1,9,2046
434.4169146,OCR,1,10,2046
434.9743613,OCR,1,11,2046
435.4986013,OCR,1,12,2046
436.0322224,OCR,1,1,2047
436.5151047,OCR,1,2,2047
436.866572,OCR,1,3,2047
437.4365402,OCR,1,4,2047
438.01664,OCR,1,5,2047
438.4777811,OCR,1,6,2047
438.979893,OCR,1,7,2047
439.4079704,OCR,1,8,2047
439.850519,OCR,1,9,2047
440.4160348,OCR,1,10,2047
440.959619,OCR,1,11,2047
441.4111304,OCR,1,12,2047
441.8904304,OCR,1,1,2048
442.4557222,OCR,1,2,2048
443.0479815,OCR,1,3,2048
443.7064671,OCR,1,4,2048
444.3182691,OCR,1,5,2048
444.9445636,OCR,1,6,2048
445.5647731,OCR,1,7,2048
446.2119618,OCR,1,8,2048
446.851686,OCR,1,9,2048
447.3579578,OCR,1,10,2048
448.0215585,OCR,1,11,2048
448.6546036,OCR,1,12,2048
449.1710061,OCR,1,1,2049
449.6262521,OCR,1,2,2049
450.0959459,OCR,1,3,2049
450.6142899,OCR,1,4,2049
451.2450246,OCR,1,5,2049
451.7803027,OCR,1,6,2049
452.3135557,OCR,1,7,2049
452.7545847,OCR,1,8,2049
453.3700469,OCR,1,9,2049
453.977956,OCR,1,10,2049
454.5415943,OCR,1,11,2049
455.0717847,OCR,1,12,2049
455.5556428,OCR,1,1,2050
456.1249364,OCR,1,2,2050
456.6575979,OCR,1,3,2050
457.0729443,OCR,1,4,2050
457.6901538,OCR,1,5,2050
458.0764214,OCR,1,6,2050
458.5090854,OCR,1,7,2050
458.9126823,OCR,1,8,2050
459.44452,OCR,1,9,2050
459.9315437,OCR,1,10,2050
460.3829478,OCR,1,11,2050
460.8832616,OCR,1,12,2050
298.618216,RCR,1,2,2024
299.5014881,RCR,1,3,2024
300.468976,RCR,1,4,2024
301.1269236,RCR,1,5,2024
301.7460761,RCR,1,6,2024
302.3187186,RCR,1,7,2024
302.7475236,RCR,1,8,2024
303.2144508,RCR,1,9,2024
303.5747618,RCR,1,10,2024
304.289544,RCR,1,11,2024
305.1228525,RCR,1,12,2024
305.9184527,RCR,1,1,2025
306.6944575,RCR,1,2,2025
307.5798812,RCR,1,3,2025
307.9149466,RCR,1,4,2025
308.179142,RCR,1,5,2025
308.6622497,RCR,1,6,2025
309.2799353,RCR,1,7,2025
309.8830044,RCR,1,8,2025
310.4329564,RCR,1,9,2025
311.052171,RCR,1,10,2025
311.2327144,RCR,1,11,2025
311.7266919,RCR,1,12,2025
311.9959799,RCR,1,1,2026
312.5369062,RCR,1,2,2026
313.0072855,RCR,1,3,2026
313.2229563,RCR,1,4,2026
313.8699038,RCR,1,5,2026
314.5703103,RCR,1,6,2026
315.04575,RCR,1,7,2026
315.6274577,RCR,1,8,2026
316.332828,RCR,1,9,2026
317.1160093,RCR,1,10,2026
317.4480425,RCR,1,11,2026
317.960185,RCR,1,12,2026
318.6270571,RCR,1,1,2027
319.2223406,RCR,1,2,2027
320.1498819,RCR,1,3,2027
320.7991962,RCR,1,4,2027
321.4187919,RCR,1,5,2027
321.8687854,RCR,1,6,2027
322.6472129,RCR,1,7,2027
323.3253724,RCR,1,8,2027
323.7868104,RCR,1,9,2027
324.4228036,RCR,1,10,2027
325.0825845,RCR,1,11,2027
325.6491618,RCR,1,12,2027
326.08871,RCR,1,1,2028
326.6449192,RCR,1,2,2028
326.8585754,RCR,1,3,2028
327.4644831,RCR,1,4,2028
327.8793957,RCR,1,5,2028
328.3408461,RCR,1,6,2028
329.0637096,RCR,1,7,2028
329.8477968,RCR,1,8,2028
330.4881719,RCR,1,9,2028
331.1836852,RCR,1,10,2028
332.0068914,RCR,1,11,2028
332.5658624,RCR,1,12,2028
333.2874866,RCR,1,1,2029
333.8880144,RCR,1,2,2029
334.4747869,RCR,1,3,2029
334.604089,RCR,1,4,2029
334.9746798,RCR,1,5,2029
335.3997907,RCR,1,6,2029
335.8992066,RCR,1,7,2029
335.9987081,RCR,1,8,2029
336.6093214,RCR,1,9,2029
337.4015456,RCR,1,10,2029
337.8497687,RCR,1,11,2029
338.4304922,RCR,1,12,2029
339.0595215,RCR,1,1,2030
339.6941426,RCR,1,2,2030
340.476833,RCR,1,3,2030
341.0855788,RCR,1,4,2030
341.600671,RCR,1,5,2030
342.3401311,RCR,1,6,2030
343.0047298,RCR,1,7,2030
343.7236547,RCR,1,8,2030
344.2736093,RCR,1,9,2030
345.0294549,RCR,1,10,2030
345.4723355,RCR,1,11,2030
346.0493858,RCR,1,12,2030
346.7082498,RCR,1,1,2031
347.3575687,RCR,1,2,2031
347.8659753,RCR,1,3,2031
348.3397145,RCR,1,4,2031
348.8573562,RCR,1,5,2031
349.271462,RCR,1,6,2031
349.7277658,RCR,1,7,2031
350.0773513,RCR,1,8,2031
350.7615299,RCR,1,9,2031
351.363025,RCR,1,10,2031
351.961895,RCR,1,11,2031
352.3558514,RCR,1,12,2031
353.0133322,RCR,1,1,2032
353.6204146,RCR,1,2,2032
354.4408444,RCR,1,3,2032
355.1198624,RCR,1,4,2032
356.0208161,RCR,1,5,2032
356.8297749,RCR,1,6,2032
357.5306067,RCR,1,7,2032
358.1737013,RCR,1,8,2032
358.7228722,RCR,1,9,2032
359.0901855,RCR,1,10,2032
359.3149833,RCR,1,11,2032
359.7045322,RCR,1,12,2032
360.1877355,RCR,1,1,2033
361.0763922,RCR,1,2,2033
361.6409721,RCR,1,3,2033
362.1650397,RCR,1,4,2033
362.8366812,RCR,1,5,2033
363.4961879,RCR,1,6,2033
364.2758088,RCR,1,7,2033
364.6066458,RCR,1,8,2033
365.2489679,RCR,1,9,2033
365.5820271,RCR,1,10,2033
366.0721846,RCR,1,11,2033
366.6874886,RCR,1,12,2033
367.2578047,RCR,1,1,2034
367.9091139,RCR,1,2,2034
368.2024745,RCR,1,3,2034
368.8052802,RCR,1,4,2034
369.2579275,RCR,1,5,2034
369.9062709,RCR,1,6,2034
370.2721124,RCR,1,7,2034
370.6561657,RCR,1,8,2034
371.0558135,RCR,1,9,2034
371.7811673,RCR,1,10,2034
372.2866595,RCR,1,11,2034
372.9464076,RCR,1,12,2034
373.5599447,RCR,1,1,2035
374.3396144,RCR,1,2,2035
375.1785861,RCR,1,3,2035
375.6232401,RCR,1,4,2035
376.5426885,RCR,1,5,2035
377.1257158,RCR,1,6,2035
377.9442172,RCR,1,7,2035
378.2345451,RCR,1,8,2035
378.6858863,RCR,1,9,2035
379.0944503,RCR,1,10,2035
379.5938316,RCR,1,11,2035
380.4842377,RCR,1,12,2035
381.2719683,RCR,1,1,2036
381.9648481,RCR,1,2,2036
382.6057337,RCR,1,3,2036
383.040454,RCR,1,4,2036
383.4986435,RCR,1,5,2036
384.0776199,RCR,1,6,2036
384.8566928,RCR,1,7,2036
385.4935913,RCR,1,8,2036
386.0210869,RCR,1,9,2036
386.4887537,RCR,1,10,2036
387.0836232,RCR,1,11,2036
387.4350478,RCR,1,12,2036
388.0077252,RCR,1,1,2037
388.4874645,RCR,1,2,2037
388.7905444,RCR,1,3,2037
389.5828148,RCR,1,4,2037
390.4402715,RCR,1,5,2037
391.0134428,RCR,1,6,2037
391.8043876,RCR,1,7,2037
392.5928924,RCR,1,8,2037
393.5097686,RCR,1,9,2037
394.261328,RCR,1,10,2037
395.0135354,RCR,1,11,2037
395.6301782,RCR,1,12,2037
396.0136432,RCR,1,1,2038
396.5276417,RCR,1,2,2038
397.4922433,RCR,1,3,2038
397.6981981,RCR,1,4,2038
398.4475063,RCR,1,5,2038
399.0918199,RCR,1,6,2038
399.6810691,RCR,1,7,2038
400.5262683,RCR,1,8,2038
401.2531991,RCR,1,9,2038
401.5604757,RCR,1,10,2038
402.141595,RCR,1,11,2038
402.8311212,RCR,1,12,2038
403.2569713,RCR,1,1,2039
403.8313248,RCR,1,2,2039
404.543264,RCR,1,3,2039
405.3762849,RCR,1,4,2039
406.1107544,RCR,1,5,2039
406.7609974,RCR,1,6,2039
407.5609956,RCR,1,7,2039
408.04062,RCR,1,8,2039
408.5937066,RCR,1,9,2039
408.9611347,RCR,1,10,2039
409.4345466,RCR,1,11,2039
409.9179689,RCR,1,12,2039
410.4731882,RCR,1,1,2040
410.9046706,RCR,1,2,2040
411.8051433,RCR,1,3,2040
412.2241726,RCR,1,4,2040
412.8264237,RCR,1,5,2040
413.4569781,RCR,1,6,2040
413.7839104,RCR,1,7,2040
414.3776695,RCR,1,8,2040
415.0528727,RCR,1,9,2040
415.5866739,RCR,1,10,2040
416.2016271,RCR,1,11,2040
416.5344392,RCR,1,12,2040
417.2120058,RCR,1,1,2041
417.5335749,RCR,1,2,2041
418.0656477,RCR,1,3,2041
418.6558792,RCR,1,4,2041
419.3740647,RCR,1,5,2041
419.9832448,RCR,1,6,2041
420.5928754,RCR,1,7,2041
420.9905059,RCR,1,8,2041
421.5095335,RCR,1,9,2041
422.0144496,RCR,1,10,2041
422.7754904,RCR,1,11,2041
423.1204968,RCR,1,12,2041
423.0851156,RCR,1,1,2042
423.2802584,RCR,1,2,2042
423.861663,RCR,1,3,2042
424.6191514,RCR,1,4,2042
424.9954066,RCR,1,5,2042
425.4299521,RCR,1,6,2042
426.0632191,RCR,1,7,2042
426.7005462,RCR,1,8,2042
427.1980938,RCR,1,9,2042
427.7370434,RCR,1,10,2042
428.3936538,RCR,1,11,2042
429.2015177,RCR,1,12,2042
429.8051589,RCR,1,1,2043
430.6067349,RCR,1,2,2043
431.5483348,RCR,1,3,2043
432.1124324,RCR,1,4,2043
432.6646471,RCR,1,5,2043
433.15335,RCR,1,6,2043
433.6623096,RCR,1,7,2043
434.3684092,RCR,1,8,2043
435.2560829,RCR,1,9,2043
436.0842656,RCR,1,10,2043
436.6241352,RCR,1,11,2043
437.225108,RCR,1,12,2043
437.9888889,RCR,1,1,2044
438.7492716,RCR,1,2,2044
439.5318902,RCR,1,3,2044
439.8268215,RCR,1,4,2044
440.6340232,RCR,1,5,2044
441.3762275,RCR,1,6,2044
441.9675283,RCR,1,7,2044
442.6642386,RCR,1,8,2044
443.1829231,RCR,1,9,2044
443.7080177,RCR,1,10,2044
444.45323,RCR,1,11,2044
445.0368709,RCR,1,12,2044
445.7029433,RCR,1,1,2045
446.0234822,RCR,1,2,2045
446.4650203,RCR,1,3,2045
447.0576799,RCR,1,4,2045
447.3480793,RCR,1,5,2045
447.9520043,RCR,1,6,2045
448.7598641,RCR,1,7,2045
449.5035231,RCR,1,8,2045
450.2801069,RCR,1,9,2045
450.7428365,RCR,1,10,2045
451.422888,RCR,1,11,2045
452.1237809,RCR,1,12,2045
452.2810383,RCR,1,1,2046
452.6598176,RCR,1,2,2046
453.1762129,RCR,1,3,2046
453.9239614,RCR,1,4,2046
454.3942522,RCR,1,5,2046
454.7500479,RCR,1,6,2046
455.2197065,RCR,1,7,2046
455.5914386,RCR,1,8,2046
456.1145873,RCR,1,9,2046
456.6053866,RCR,1,10,2046
457.1833714,RCR,1,11,2046
457.6576476,RCR,1,12,2046
458.2985658,RCR,1,1,2047
458.7362627,RCR,1,2,2047
459.0083594,RCR,1,3,2047
459.8047876,RCR,1,4,2047
460.5487752,RCR,1,5,2047
460.9218735,RCR,1,6,2047
461.5754606,RCR,1,7,2047
462.0443253,RCR,1,8,2047
462.5286832,RCR,1,9,2047
463.2331057,RCR,1,10,2047
463.9604988,RCR,1,11,2047
464.527247,RCR,1,12,2047
465.062871,RCR,1,1,2048
465.6871073,RCR,1,2,2048
466.3646731,RCR,1,3,2048
467.2745024,RCR,1,4,2048
468.0604538,RCR,1,5,2048
468.8817944,RCR,1,6,2048
469.5391939,RCR,1,7,2048
470.474587,RCR,1,8,2048
471.1924429,RCR,1,9,2048
471.8246696,RCR,1,10,2048
472.7126333,RCR,1,11,2048
473.3657262,RCR,1,12,2048
473.9631844,RCR,1,1,2049
474.2733633,RCR,1,2,2049
474.7016152,RCR,1,3,2049
475.314618,RCR,1,4,2049
476.1136486,RCR,1,5,2049
476.7330534,RCR,1,6,2049
477.1699414,RCR,1,7,2049
477.4904492,RCR,1,8,2049
478.3382859,RCR,1,9,2049
478.9705457,RCR,1,10,2049
479.6519984,RCR,1,11,2049
480.3686302,RCR,1,12,2049
480.9254803,RCR,1,1,2050
481.6866183,RCR,1,2,2050
482.3243734,RCR,1,3,2050
482.6732791,RCR,1,4,2050
483.5695001,RCR,1,5,2050
483.8696703,RCR,1,6,2050
484.2536381,RCR,1,7,2050
484.6517854,RCR,1,8,2050
485.4843377,RCR,1,9,2050
486.0136908,RCR,1,10,2050
486.5059053,RCR,1,11,2050
487.0706736,RCR,1,12,2050
214.6395791,CCR,0,2,2024
215.2229295,CCR,0,3,2024
216.0118288,CCR,0,4,2024
216.7052319,CCR,0,5,2024
217.2873466,CCR,0,6,2024
218.1684798,CCR,0,7,2024
218.620354,CCR,0,8,2024
219.2125372,CCR,0,9,2024
219.7315429,CCR,0,10,2024
220.1644015,CCR,0,11,2024
220.8643335,CCR,0,12,2024
221.3866042,CCR,0,1,2025
221.8499628,CCR,0,2,2025
222.5634355,CCR,0,3,2025
222.8828164,CCR,0,4,2025
223.2095389,CCR,0,5,2025
223.80425,CCR,0,6,2025
224.1929889,CCR,0,7,2025
224.7138592,CCR,0,8,2025
225.2731702,CCR,0,9,2025
225.7224883,CCR,0,10,2025
225.9541267,CCR,0,11,2025
226.5361822,CCR,0,12,2025
226.8388256,CCR,0,1,2026
227.1859312,CCR,0,2,2026
227.7979018,CCR,0,3,2026
227.980656,CCR,0,4,2026
228.5229587,CCR,0,5,2026
228.9592628,CCR,0,6,2026
229.5204717,CCR,0,7,2026
229.9004848,CCR,0,8,2026
230.6186393,CCR,0,9,2026
231.0527921,CCR,0,10,2026
231.2634477,CCR,0,11,2026
231.7900283,CCR,0,12,2026
232.4538595,CCR,0,1,2027
233.0275045,CCR,0,2,2027
233.7328977,CCR,0,3,2027
234.1263632,CCR,0,4,2027
234.7902158,CCR,0,5,2027
235.3109837,CCR,0,6,2027
235.9667539,CCR,0,7,2027
236.4575637,CCR,0,8,2027
236.7774712,CCR,0,9,2027
237.6698058,CCR,0,10,2027
238.1572243,CCR,0,11,2027
238.6202981,CCR,0,12,2027
239.1760601,CCR,0,1,2028
239.8129258,CCR,0,2,2028
240.0858636,CCR,0,3,2028
240.7181463,CCR,0,4,2028
241.0716722,CCR,0,5,2028
241.6764666,CCR,0,6,2028
242.2169812,CCR,0,7,2028
242.902177,CCR,0,8,2028
243.3614666,CCR,0,9,2028
243.8821512,CCR,0,10,2028
244.4783879,CCR,0,11,2028
245.2063045,CCR,0,12,2028
245.7046777,CCR,0,1,2029
246.2390751,CCR,0,2,2029
246.8811648,CCR,0,3,2029
247.1758365,CCR,0,4,2029
247.6776177,CCR,0,5,2029
248.0968747,CCR,0,6,2029
248.7082149,CCR,0,7,2029
248.7804595,CCR,0,8,2029
249.3297556,CCR,0,9,2029
249.9974684,CCR,0,10,2029
250.461287,CCR,0,11,2029
251.1540499,CCR,0,12,2029
251.8435473,CCR,0,1,2030
252.3325515,CCR,0,2,2030
252.8653091,CCR,0,3,2030
253.5767142,CCR,0,4,2030
254.0547479,CCR,0,5,2030
254.8287636,CCR,0,6,2030
255.340721,CCR,0,7,2030
256.0025145,CCR,0,8,2030
256.3990956,CCR,0,9,2030
257.18552,CCR,0,10,2030
257.6567601,CCR,0,11,2030
258.0836708,CCR,0,12,2030
258.6813655,CCR,0,1,2031
259.2996085,CCR,0,2,2031
259.8366224,CCR,0,3,2031
260.130308,CCR,0,4,2031
260.7256198,CCR,0,5,2031
261.1134957,CCR,0,6,2031
261.4602908,CCR,0,7,2031
261.7208117,CCR,0,8,2031
262.3063054,CCR,0,9,2031
262.7076591,CCR,0,10,2031
263.3336106,CCR,0,11,2031
263.718171,CCR,0,12,2031
264.1410304,CCR,0,1,2032
264.8155837,CCR,0,2,2032
265.2483031,CCR,0,3,2032
265.6063865,CCR,0,4,2032
266.4195477,CCR,0,5,2032
266.8701646,CCR,0,6,2032
267.2498177,CCR,0,7,2032
267.9359225,CCR,0,8,2032
268.2216076,CCR,0,9,2032
268.8574503,CCR,0,10,2032
269.1653191,CCR,0,11,2032
269.5590703,CCR,0,12,2032
270.0557186,CCR,0,1,2033
270.733185,CCR,0,2,2033
271.2988744,CCR,0,3,2033
271.5675825,CCR,0,4,2033
272.467367,CCR,0,5,2033
272.9665391,CCR,0,6,2033
273.6071531,CCR,0,7,2033
274.0262409,CCR,0,8,2033
274.48524,CCR,0,9,2033
274.8952124,CCR,0,10,2033
275.3095719,CCR,0,11,2033
275.6896351,CCR,0,12,2033
276.1812678,CCR,0,1,2034
276.8862106,CCR,0,2,2034
277.2634731,CCR,0,3,2034
277.8099584,CCR,0,4,2034
278.3682004,CCR,0,5,2034
278.9772302,CCR,0,6,2034
279.4837926,CCR,0,7,2034
280.0205026,CCR,0,8,2034
280.3849834,CCR,0,9,2034
281.0090173,CCR,0,10,2034
281.5468254,CCR,0,11,2034
282.377615,CCR,0,12,2034
282.79862,CCR,0,1,2035
283.3605533,CCR,0,2,2035
284.1749311,CCR,0,3,2035
284.4380098,CCR,0,4,2035
285.1593114,CCR,0,5,2035
285.4775734,CCR,0,6,2035
286.4579378,CCR,0,7,2035
286.7762245,CCR,0,8,2035
287.223858,CCR,0,9,2035
287.7518529,CCR,0,10,2035
288.1138507,CCR,0,11,2035
288.7812573,CCR,0,12,2035
289.585567,CCR,0,1,2036
290.0954596,CCR,0,2,2036
290.7276912,CCR,0,3,2036
291.3137133,CCR,0,4,2036
291.8417639,CCR,0,5,2036
292.2425823,CCR,0,6,2036
292.7641175,CCR,0,7,2036
293.4932725,CCR,0,8,2036
293.9443288,CCR,0,9,2036
294.50323,CCR,0,10,2036
295.0843825,CCR,0,11,2036
295.3030007,CCR,0,12,2036
296.0414648,CCR,0,1,2037
296.5524306,CCR,0,2,2037
296.8153914,CCR,0,3,2037
297.4594398,CCR,0,4,2037
298.0787749,CCR,0,5,2037
298.5268868,CCR,0,6,2037
299.0538451,CCR,0,7,2037
299.6262291,CCR,0,8,2037
300.3232609,CCR,0,9,2037
300.6333842,CCR,0,10,2037
301.4014239,CCR,0,11,2037
302.0415668,CCR,0,12,2037
302.3399514,CCR,0,1,2038
302.8731656,CCR,0,2,2038
303.5654907,CCR,0,3,2038
303.8711223,CCR,0,4,2038
304.5749745,CCR,0,5,2038
305.0371241,CCR,0,6,2038
305.6402858,CCR,0,7,2038
306.1450868,CCR,0,8,2038
306.5570009,CCR,0,9,2038
307.1748478,CCR,0,10,2038
307.2644594,CCR,0,11,2038
307.8967119,CCR,0,12,2038
308.4077016,CCR,0,1,2039
308.8662124,CCR,0,2,2039
309.262389,CCR,0,3,2039
310.0209904,CCR,0,4,2039
310.5297534,CCR,0,5,2039
310.9615248,CCR,0,6,2039
311.7390379,CCR,0,7,2039
312.2748594,CCR,0,8,2039
312.8471523,CCR,0,9,2039
313.1940667,CCR,0,10,2039
313.4764791,CCR,0,11,2039
314.075051,CCR,0,12,2039
314.3745604,CCR,0,1,2040
314.9789759,CCR,0,2,2040
315.3094569,CCR,0,3,2040
315.6547129,CCR,0,4,2040
315.942556,CCR,0,5,2040
316.4093057,CCR,0,6,2040
316.5995298,CCR,0,7,2040
316.8570751,CCR,0,8,2040
317.2921454,CCR,0,9,2040
317.776836,CCR,0,10,2040
318.313298,CCR,0,11,2040
318.357817,CCR,0,12,2040
319.1225098,CCR,0,1,2041
319.3197507,CCR,0,2,2041
319.7114678,CCR,0,3,2041
320.4324673,CCR,0,4,2041
320.88739,CCR,0,5,2041
321.3953236,CCR,0,6,2041
321.9254335,CCR,0,7,2041
322.2848301,CCR,0,8,2041
322.7439695,CCR,0,9,2041
323.0573366,CCR,0,10,2041
323.5052268,CCR,0,11,2041
323.7208596,CCR,0,12,2041
323.857835,CCR,0,1,2042
324.3627205,CCR,0,2,2042
324.6382164,CCR,0,3,2042
325.2750609,CCR,0,4,2042
325.5188689,CCR,0,5,2042
325.9524988,CCR,0,6,2042
326.5529348,CCR,0,7,2042
326.9828448,CCR,0,8,2042
327.4835236,CCR,0,9,2042
327.8856967,CCR,0,10,2042
328.3578979,CCR,0,11,2042
328.9572442,CCR,0,12,2042
329.2481455,CCR,0,1,2043
329.982235,CCR,0,2,2043
330.6712931,CCR,0,3,2043
331.3012666,CCR,0,4,2043
331.992539,CCR,0,5,2043
332.4478897,CCR,0,6,2043
332.9415838,CCR,0,7,2043
333.4797903,CCR,0,8,2043
334.3167204,CCR,0,9,2043
334.6550634,CCR,0,10,2043
335.2290972,CCR,0,11,2043
335.7993627,CCR,0,12,2043
336.3525263,CCR,0,1,2044
336.9818006,CCR,0,2,2044
337.5955176,CCR,0,3,2044
337.9201131,CCR,0,4,2044
338.4659991,CCR,0,5,2044
338.9327159,CCR,0,6,2044
339.2953884,CCR,0,7,2044
340.0068797,CCR,0,8,2044
340.4266639,CCR,0,9,2044
341.0105197,CCR,0,10,2044
341.4336293,CCR,0,11,2044
341.9565629,CCR,0,12,2044
342.6185863,CCR,0,1,2045
342.9442814,CCR,0,2,2045
343.3610577,CCR,0,3,2045
344.0453209,CCR,0,4,2045
344.2821453,CCR,0,5,2045
344.7415332,CCR,0,6,2045
345.2605348,CCR,0,7,2045
345.757728,CCR,0,8,2045
346.4149156,CCR,0,9,2045
346.8396543,CCR,0,10,2045
347.4661986,CCR,0,11,2045
347.9590212,CCR,0,12,2045
348.2975558,CCR,0,1,2046
349.0004468,CCR,0,2,2046
349.4763525,CCR,0,3,2046
349.8570552,CCR,0,4,2046
350.6730306,CCR,0,5,2046
350.9322594,CCR,0,6,2046
351.4200372,CCR,0,7,2046
351.8761401,CCR,0,8,2046
352.5786236,CCR,0,9,2046
353.1104961,CCR,0,10,2046
353.4892428,CCR,0,11,2046
354.0022367,CCR,0,12,2046
354.7370778,CCR,0,1,2047
354.9959859,CCR,0,2,2047
355.3333467,CCR,0,3,2047
356.2289066,CCR,0,4,2047
356.6937239,CCR,0,5,2047
356.8532839,CCR,0,6,2047
357.5717099,CCR,0,7,2047
357.9686442,CCR,0,8,2047
358.4866867,CCR,0,9,2047
358.7689302,CCR,0,10,2047
359.3167649,CCR,0,11,2047
359.7120702,CCR,0,12,2047
360.227157,CCR,0,1,2048
360.7341832,CCR,0,2,2048
361.1189514,CCR,0,3,2048
361.6077441,CCR,0,4,2048
362.1323278,CCR,0,5,2048
362.8513791,CCR,0,6,2048
363.359352,CCR,0,7,2048
364.1407629,CCR,0,8,2048
364.7820818,CCR,0,9,2048
365.1468722,CCR,0,10,2048
365.8757466,CCR,0,11,2048
366.4802937,CCR,0,12,2048
367.1150847,CCR,0,1,2049
367.4776191,CCR,0,2,2049
368.075408,CCR,0,3,2049
368.4879209,CCR,0,4,2049
369.2701647,CCR,0,5,2049
369.9086667,CCR,0,6,2049
370.0780677,CCR,0,7,2049
370.5865214,CCR,0,8,2049
371.1959605,CCR,0,9,2049
371.8234704,CCR,0,10,2049
372.1565825,CCR,0,11,2049
372.5894668,CCR,0,12,2049
373.1562541,CCR,0,1,2050
373.926305,CCR,0,2,2050
374.5658927,CCR,0,3,2050
374.7776132,CCR,0,4,2050
375.6614294,CCR,0,5,2050
375.9409575,CCR,0,6,2050
376.6343559,CCR,0,7,2050
376.9900052,CCR,0,8,2050
377.6072942,CCR,0,9,2050
378.1708168,CCR,0,10,2050
378.4848266,CCR,0,11,2050
378.9240045,CCR,0,12,2050
252.615102,OCR,0,2,2024
252.7273713,OCR,0,3,2024
252.9846329,OCR,0,4,2024
253.2710605,OCR,0,5,2024
253.5351115,OCR,0,6,2024
253.9212401,OCR,0,7,2024
254.2188831,OCR,0,8,2024
254.5565308,OCR,0,9,2024
254.900585,OCR,0,10,2024
255.2397224,OCR,0,11,2024
255.65168,OCR,0,12,2024
256.0346487,OCR,0,1,2025
256.5023627,OCR,0,2,2025
256.9516193,OCR,0,3,2025
257.3867141,OCR,0,4,2025
257.820899,OCR,0,5,2025
258.1297161,OCR,0,6,2025
258.5531121,OCR,0,7,2025
258.9631304,OCR,0,8,2025
259.4283617,OCR,0,9,2025
259.8478559,OCR,0,10,2025
260.2280629,OCR,0,11,2025
260.6682482,OCR,0,12,2025
261.0236948,OCR,0,1,2026
261.3955029,OCR,0,2,2026
261.9514173,OCR,0,3,2026
262.2014684,OCR,0,4,2026
262.6611429,OCR,0,5,2026
263.0683879,OCR,0,6,2026
263.4869521,OCR,0,7,2026
263.8720416,OCR,0,8,2026
264.2747599,OCR,0,9,2026
264.7654476,OCR,0,10,2026
265.0806803,OCR,0,11,2026
265.5414885,OCR,0,12,2026
266.0289125,OCR,0,1,2027
266.4469963,OCR,0,2,2027
266.9945766,OCR,0,3,2027
267.4570518,OCR,0,4,2027
267.8880989,OCR,0,5,2027
268.3232007,OCR,0,6,2027
268.7950129,OCR,0,7,2027
269.2876467,OCR,0,8,2027
269.7481638,OCR,0,9,2027
270.2794242,OCR,0,10,2027
270.7951352,OCR,0,11,2027
271.2218401,OCR,0,12,2027
271.6758478,OCR,0,1,2028
272.2394643,OCR,0,2,2028
272.5207792,OCR,0,3,2028
273.0508858,OCR,0,4,2028
273.357432,OCR,0,5,2028
273.8162385,OCR,0,6,2028
274.2111064,OCR,0,7,2028
274.6446573,OCR,0,8,2028
275.1131275,OCR,0,9,2028
275.5083154,OCR,0,10,2028
276.0126627,OCR,0,11,2028
276.5472064,OCR,0,12,2028
276.9766653,OCR,0,1,2029
277.3633191,OCR,0,2,2029
277.859732,OCR,0,3,2029
278.1061652,OCR,0,4,2029
278.5290167,OCR,0,5,2029
278.8544896,OCR,0,6,2029
279.309649,OCR,0,7,2029
279.5261832,OCR,0,8,2029
279.976567,OCR,0,9,2029
280.4072534,OCR,0,10,2029
280.8000896,OCR,0,11,2029
281.2918694,OCR,0,12,2029
281.7675232,OCR,0,1,2030
282.1751292,OCR,0,2,2030
282.6442049,OCR,0,3,2030
283.1566735,OCR,0,4,2030
283.5112032,OCR,0,5,2030
284.1167968,OCR,0,6,2030
284.6267003,OCR,0,7,2030
285.0937249,OCR,0,8,2030
285.6209048,OCR,0,9,2030
286.1086364,OCR,0,10,2030
286.5423332,OCR,0,11,2030
286.9853864,OCR,0,12,2030
287.4978053,OCR,0,1,2031
288.074116,OCR,0,2,2031
288.4839317,OCR,0,3,2031
288.8962197,OCR,0,4,2031
289.3801789,OCR,0,5,2031
289.7994222,OCR,0,6,2031
290.1882154,OCR,0,7,2031
290.6039525,OCR,0,8,2031
291.1217768,OCR,0,9,2031
291.4912938,OCR,0,10,2031
291.9505366,OCR,0,11,2031
292.3784322,OCR,0,12,2031
292.7065449,OCR,0,1,2032
293.1654561,OCR,0,2,2032
293.6032342,OCR,0,3,2032
293.9626778,OCR,0,4,2032
294.4347059,OCR,0,5,2032
294.9071522,OCR,0,6,2032
295.3628686,OCR,0,7,2032
295.8251674,OCR,0,8,2032
296.2510587,OCR,0,9,2032
296.629954,OCR,0,10,2032
296.9555321,OCR,0,11,2032
297.2401015,OCR,0,12,2032
297.6586589,OCR,0,1,2033
298.0844899,OCR,0,2,2033
298.4771897,OCR,0,3,2033
298.7779024,OCR,0,4,2033
299.2909633,OCR,0,5,2033
299.6998146,OCR,0,6,2033
300.2549821,OCR,0,7,2033
300.5709946,OCR,0,8,2033
300.9957567,OCR,0,9,2033
301.3633918,OCR,0,10,2033
301.7786409,OCR,0,11,2033
302.1519622,OCR,0,12,2033
302.5096411,OCR,0,1,2034
303.0568858,OCR,0,2,2034
303.3950701,OCR,0,3,2034
303.8428535,OCR,0,4,2034
304.2216128,OCR,0,5,2034
304.6646097,OCR,0,6,2034
304.9673834,OCR,0,7,2034
305.3516197,OCR,0,8,2034
305.6776743,OCR,0,9,2034
306.1258201,OCR,0,10,2034
306.4750971,OCR,0,11,2034
306.9589527,OCR,0,12,2034
307.3279642,OCR,0,1,2035
307.7462241,OCR,0,2,2035
308.2314353,OCR,0,3,2035
308.5818838,OCR,0,4,2035
309.1330784,OCR,0,5,2035
309.5580025,OCR,0,6,2035
310.0848303,OCR,0,7,2035
310.4514302,OCR,0,8,2035
310.8719945,OCR,0,9,2035
311.3034673,OCR,0,10,2035
311.6730751,OCR,0,11,2035
312.2075297,OCR,0,12,2035
312.7080611,OCR,0,1,2036
313.1701336,OCR,0,2,2036
313.6141251,OCR,0,3,2036
314.0511525,OCR,0,4,2036
314.4646385,OCR,0,5,2036
314.8943607,OCR,0,6,2036
315.358015,OCR,0,7,2036
315.8212863,OCR,0,8,2036
316.2440896,OCR,0,9,2036
316.6608064,OCR,0,10,2036
317.1178711,OCR,0,11,2036
317.4508353,OCR,0,12,2036
317.9074527,OCR,0,1,2037
318.2963339,OCR,0,2,2037
318.6126521,OCR,0,3,2037
319.0751467,OCR,0,4,2037
319.523765,OCR,0,5,2037
319.9570689,OCR,0,6,2037
320.4337366,OCR,0,7,2037
320.8829782,OCR,0,8,2037
321.4746255,OCR,0,9,2037
321.8859527,OCR,0,10,2037
322.4857843,OCR,0,11,2037
323.0787577,OCR,0,12,2037
323.4726829,OCR,0,1,2038
323.9053803,OCR,0,2,2038
324.4738307,OCR,0,3,2038
324.7556819,OCR,0,4,2038
325.2841701,OCR,0,5,2038
325.7616386,OCR,0,6,2038
326.1279309,OCR,0,7,2038
326.6821099,OCR,0,8,2038
327.1676995,OCR,0,9,2038
327.5882009,OCR,0,10,2038
327.9686258,OCR,0,11,2038
328.4413141,OCR,0,12,2038
328.8629598,OCR,0,1,2039
329.2315945,OCR,0,2,2039
329.6882889,OCR,0,3,2039
330.2543395,OCR,0,4,2039
330.6660557,OCR,0,5,2039
331.1300866,OCR,0,6,2039
331.6441415,OCR,0,7,2039
332.004031,OCR,0,8,2039
332.4495922,OCR,0,9,2039
332.8041577,OCR,0,10,2039
333.1647264,OCR,0,11,2039
333.531611,OCR,0,12,2039
333.9363692,OCR,0,1,2040
334.3182727,OCR,0,2,2040
334.7188105,OCR,0,3,2040
335.1192998,OCR,0,4,2040
335.511293,OCR,0,5,2040
336.0352404,OCR,0,6,2040
336.3828339,OCR,0,7,2040
336.8858001,OCR,0,8,2040
337.3572875,OCR,0,9,2040
337.8355975,OCR,0,10,2040
338.3476459,OCR,0,11,2040
338.6604276,OCR,0,12,2040
339.1965843,OCR,0,1,2041
339.5483268,OCR,0,2,2041
339.9914,OCR,0,3,2041
340.4786714,OCR,0,4,2041
340.9589733,OCR,0,5,2041
341.3842313,OCR,0,6,2041
341.8759876,OCR,0,7,2041
342.2477596,OCR,0,8,2041
342.6542693,OCR,0,9,2041
343.1263557,OCR,0,10,2041
343.5772692,OCR,0,11,2041
343.9723589,OCR,0,12,2041
344.2261031,OCR,0,1,2042
344.6046439,OCR,0,2,2042
344.9613299,OCR,0,3,2042
345.4408498,OCR,0,4,2042
345.6993651,OCR,0,5,2042
346.0374956,OCR,0,6,2042
346.4496398,OCR,0,7,2042
346.8458901,OCR,0,8,2042
347.3396333,OCR,0,9,2042
347.7314941,OCR,0,10,2042
348.1776962,OCR,0,11,2042
348.6947396,OCR,0,12,2042
349.1030136,OCR,0,1,2043
349.5783775,OCR,0,2,2043
350.1354344,OCR,0,3,2043
350.5738045,OCR,0,4,2043
351.0508174,OCR,0,5,2043
351.4614374,OCR,0,6,2043
351.8133293,OCR,0,7,2043
352.3085465,OCR,0,8,2043
352.7937047,OCR,0,9,2043
353.2720344,OCR,0,10,2043
353.7205212,OCR,0,11,2043
354.1654903,OCR,0,12,2043
354.6695927,OCR,0,1,2044
355.1385994,OCR,0,2,2044
355.6236846,OCR,0,3,2044
355.9977832,OCR,0,4,2044
356.4435936,OCR,0,5,2044
356.9252206,OCR,0,6,2044
357.3838353,OCR,0,7,2044
357.9111314,OCR,0,8,2044
358.2708894,OCR,0,9,2044
358.7522286,OCR,0,10,2044
359.1733508,OCR,0,11,2044
359.7400811,OCR,0,12,2044
360.2389985,OCR,0,1,2045
360.6260774,OCR,0,2,2045
361.1095886,OCR,0,3,2045
361.5234687,OCR,0,4,2045
361.8463755,OCR,0,5,2045
362.2834465,OCR,0,6,2045
362.7700818,OCR,0,7,2045
363.2796372,OCR,0,8,2045
363.7525372,OCR,0,9,2045
364.2187142,OCR,0,10,2045
364.5982468,OCR,0,11,2045
365.0912883,OCR,0,12,2045
365.3617071,OCR,0,1,2046
365.7423779,OCR,0,2,2046
366.1045891,OCR,0,3,2046
366.4925316,OCR,0,4,2046
367.0160053,OCR,0,5,2046
367.3520666,OCR,0,6,2046
367.7655377,OCR,0,7,2046
368.0474753,OCR,0,8,2046
368.5086088,OCR,0,9,2046
368.9174732,OCR,0,10,2046
369.2931731,OCR,0,11,2046
369.680095,OCR,0,12,2046
370.1304784,OCR,0,1,2047
370.545603,OCR,0,2,2047
370.8566603,OCR,0,3,2047
371.3892145,OCR,0,4,2047
371.8284444,OCR,0,5,2047
372.1913614,OCR,0,6,2047
372.6362145,OCR,0,7,2047
373.0156826,OCR,0,8,2047
373.3752459,OCR,0,9,2047
373.8182159,OCR,0,10,2047
374.257909,OCR,0,11,2047
374.667204,OCR,0,12,2047
375.0960188,OCR,0,1,2048
375.5413047,OCR,0,2,2048
375.9550549,OCR,0,3,2048
376.4816873,OCR,0,4,2048
376.9559084,OCR,0,5,2048
377.4372801,OCR,0,6,2048
377.9459505,OCR,0,7,2048
378.4886707,OCR,0,8,2048
379.0484911,OCR,0,9,2048
379.3955184,OCR,0,10,2048
379.9465538,OCR,0,11,2048
380.5383058,OCR,0,12,2048
380.9928244,OCR,0,1,2049
381.4307649,OCR,0,2,2049
381.864879,OCR,0,3,2049
382.3285454,OCR,0,4,2049
382.8451038,OCR,0,5,2049
383.296219,OCR,0,6,2049
383.7615507,OCR,0,7,2049
384.151753,OCR,0,8,2049
384.6777619,OCR,0,9,2049
385.1867879,OCR,0,10,2049
385.6201845,OCR,0,11,2049
386.0791887,OCR,0,12,2049
386.4877259,OCR,0,1,2050
386.9813689,OCR,0,2,2050
387.483344,OCR,0,3,2050
387.9013163,OCR,0,4,2050
388.4722496,OCR,0,5,2050
388.8099659,OCR,0,6,2050
389.2227725,OCR,0,7,2050
389.5812337,OCR,0,8,2050
390.0590109,OCR,0,9,2050
390.5061025,OCR,0,10,2050
390.8586367,OCR,0,11,2050
391.3029629,OCR,0,12,2050
265.5426418,RCR,0,2,2024
265.7080178,RCR,0,3,2024
266.0677245,RCR,0,4,2024
266.4680824,RCR,0,5,2024
266.8319928,RCR,0,6,2024
267.343536,RCR,0,7,2024
267.7360593,RCR,0,8,2024
268.1576684,RCR,0,9,2024
268.5743709,RCR,0,10,2024
269.0437802,RCR,0,11,2024
269.5831422,RCR,0,12,2024
270.0960754,RCR,0,1,2025
270.6881214,RCR,0,2,2025
271.2619006,RCR,0,3,2025
271.7765946,RCR,0,4,2025
272.3354895,RCR,0,5,2025
272.6928874,RCR,0,6,2025
273.2013725,RCR,0,7,2025
273.6968819,RCR,0,8,2025
274.253449,RCR,0,9,2025
274.747224,RCR,0,10,2025
275.2110897,RCR,0,11,2025
275.7436272,RCR,0,12,2025
276.1678627,RCR,0,1,2026
276.6414084,RCR,0,2,2026
277.3573275,RCR,0,3,2026
277.6697593,RCR,0,4,2026
278.2296439,RCR,0,5,2026
278.7431741,RCR,0,6,2026
279.2785173,RCR,0,7,2026
279.7588177,RCR,0,8,2026
280.2683912,RCR,0,9,2026
280.8687086,RCR,0,10,2026
281.2138583,RCR,0,11,2026
281.7842065,RCR,0,12,2026
282.3883482,RCR,0,1,2027
282.8918452,RCR,0,2,2027
283.5204789,RCR,0,3,2027
284.0650426,RCR,0,4,2027
284.5762488,RCR,0,5,2027
285.0965333,RCR,0,6,2027
285.6652824,RCR,0,7,2027
286.2233098,RCR,0,8,2027
286.7559129,RCR,0,9,2027
287.3980841,RCR,0,10,2027
287.9885952,RCR,0,11,2027
288.4767113,RCR,0,12,2027
289.0001231,RCR,0,1,2028
289.6456408,RCR,0,2,2028
289.9624504,RCR,0,3,2028
290.6040958,RCR,0,4,2028
290.9750051,RCR,0,5,2028
291.5193322,RCR,0,6,2028
292.0138902,RCR,0,7,2028
292.5698271,RCR,0,8,2028
293.1517924,RCR,0,9,2028
293.6299921,RCR,0,10,2028
294.2694012,RCR,0,11,2028
294.8915686,RCR,0,12,2028
295.4037259,RCR,0,1,2029
295.8783867,RCR,0,2,2029
296.4758888,RCR,0,3,2029
296.7507846,RCR,0,4,2029
297.2626155,RCR,0,5,2029
297.6722929,RCR,0,6,2029
298.2435361,RCR,0,7,2029
298.5149207,RCR,0,8,2029
299.0606005,RCR,0,9,2029
299.6104982,RCR,0,10,2029
300.096693,RCR,0,11,2029
300.7143934,RCR,0,12,2029
301.3393068,RCR,0,1,2030
301.8526361,RCR,0,2,2030
302.4068845,RCR,0,3,2030
303.0463002,RCR,0,4,2030
303.5098492,RCR,0,5,2030
304.2293006,RCR,0,6,2030
304.8599967,RCR,0,7,2030
305.4174753,RCR,0,8,2030
306.049634,RCR,0,9,2030
306.6198897,RCR,0,10,2030
307.0927031,RCR,0,11,2030
307.6327196,RCR,0,12,2030
308.2350344,RCR,0,1,2031
308.9361889,RCR,0,2,2031
309.4074237,RCR,0,3,2031
309.8686176,RCR,0,4,2031
310.4307861,RCR,0,5,2031
310.9220289,RCR,0,6,2031
311.3788822,RCR,0,7,2031
311.8911941,RCR,0,8,2031
312.535938,RCR,0,9,2031
312.9966584,RCR,0,10,2031
313.5488564,RCR,0,11,2031
314.0630262,RCR,0,12,2031
314.4343802,RCR,0,1,2032
315.0310356,RCR,0,2,2032
315.5880129,RCR,0,3,2032
316.0656089,RCR,0,4,2032
316.6638167,RCR,0,5,2032
317.2865265,RCR,0,6,2032
317.8612103,RCR,0,7,2032
318.455585,RCR,0,8,2032
318.9962,RCR,0,9,2032
319.4781161,RCR,0,10,2032
319.8831883,RCR,0,11,2032
320.2419117,RCR,0,12,2032
320.7978294,RCR,0,1,2033
321.3611984,RCR,0,2,2033
321.8822317,RCR,0,3,2033
322.269452,RCR,0,4,2033
322.9350665,RCR,0,5,2033
323.4713308,RCR,0,6,2033
324.1963601,RCR,0,7,2033
324.5855324,RCR,0,8,2033
325.1200948,RCR,0,9,2033
325.5993405,RCR,0,10,2033
326.1530103,RCR,0,11,2033
326.6384092,RCR,0,12,2033
327.1158888,RCR,0,1,2034
327.8122155,RCR,0,2,2034
328.2535282,RCR,0,3,2034
328.8364999,RCR,0,4,2034
329.314774,RCR,0,5,2034
329.8839764,RCR,0,6,2034
330.2745874,RCR,0,7,2034
330.7692306,RCR,0,8,2034
331.1976616,RCR,0,9,2034
331.7871853,RCR,0,10,2034
332.254551,RCR,0,11,2034
332.8957117,RCR,0,12,2034
333.3975423,RCR,0,1,2035
333.9562008,RCR,0,2,2035
334.5733692,RCR,0,3,2035
335.0008748,RCR,0,4,2035
335.6986586,RCR,0,5,2035
336.2013223,RCR,0,6,2035
336.8700523,RCR,0,7,2035
337.2818166,RCR,0,8,2035
337.7959606,RCR,0,9,2035
338.3599207,RCR,0,10,2035
338.8153347,RCR,0,11,2035
339.4908196,RCR,0,12,2035
340.1158683,RCR,0,1,2036
340.6758511,RCR,0,2,2036
341.2100087,RCR,0,3,2036
341.7741059,RCR,0,4,2036
342.2595845,RCR,0,5,2036
342.7922298,RCR,0,6,2036
343.3536382,RCR,0,7,2036
343.9018302,RCR,0,8,2036
344.4194576,RCR,0,9,2036
344.9244324,RCR,0,10,2036
345.4895916,RCR,0,11,2036
345.8836057,RCR,0,12,2036
346.4454448,RCR,0,1,2037
346.9275332,RCR,0,2,2037
347.3048839,RCR,0,3,2037
347.8711291,RCR,0,4,2037
348.4226736,RCR,0,5,2037
348.9832761,RCR,0,6,2037
349.5820704,RCR,0,7,2037
350.1085074,RCR,0,8,2037
350.855346,RCR,0,9,2037
351.3353145,RCR,0,10,2037
352.0632077,RCR,0,11,2037
352.7786233,RCR,0,12,2037
353.2412756,RCR,0,1,2038
353.797807,RCR,0,2,2038
354.492221,RCR,0,3,2038
354.8090551,RCR,0,4,2038
355.4662795,RCR,0,5,2038
356.0348969,RCR,0,6,2038
356.4743316,RCR,0,7,2038
357.1680185,RCR,0,8,2038
357.7617178,RCR,0,9,2038
358.2799656,RCR,0,10,2038
358.7161004,RCR,0,11,2038
359.302524,RCR,0,12,2038
359.8306453,RCR,0,1,2039
360.2543717,RCR,0,2,2039
360.8124384,RCR,0,3,2039
361.5166565,RCR,0,4,2039
362.0167538,RCR,0,5,2039
362.5689805,RCR,0,6,2039
363.2179065,RCR,0,7,2039
363.6211279,RCR,0,8,2039
364.1661388,RCR,0,9,2039
364.5736969,RCR,0,10,2039
365.0349143,RCR,0,11,2039
365.4933029,RCR,0,12,2039
365.9930358,RCR,0,1,2040
366.4648051,RCR,0,2,2040
366.9557516,RCR,0,3,2040
367.4477078,RCR,0,4,2040
367.9145732,RCR,0,5,2040
368.5491726,RCR,0,6,2040
368.9817531,RCR,0,7,2040
369.5982081,RCR,0,8,2040
370.185708,RCR,0,9,2040
370.7514158,RCR,0,10,2040
371.4001588,RCR,0,11,2040
371.7706831,RCR,0,12,2040
372.4421162,RCR,0,1,2041
372.8338823,RCR,0,2,2041
373.3534128,RCR,0,3,2041
373.9288261,RCR,0,4,2041
374.5227361,RCR,0,5,2041
375.0229543,RCR,0,6,2041
375.6560579,RCR,0,7,2041
376.1020605,RCR,0,8,2041
376.6054551,RCR,0,9,2041
377.1788396,RCR,0,10,2041
377.7395123,RCR,0,11,2041
378.2240302,RCR,0,12,2041
378.5187261,RCR,0,1,2042
378.9946626,RCR,0,2,2042
379.3996929,RCR,0,3,2042
380.0209111,RCR,0,4,2042
380.3409888,RCR,0,5,2042
380.7484457,RCR,0,6,2042
381.2598493,RCR,0,7,2042
381.7574788,RCR,0,8,2042
382.3584651,RCR,0,9,2042
382.8509938,RCR,0,10,2042
383.3991018,RCR,0,11,2042
384.0549626,RCR,0,12,2042
384.5743101,RCR,0,1,2043
385.1388863,RCR,0,2,2043
385.8532907,RCR,0,3,2043
386.3658659,RCR,0,4,2043
386.9749209,RCR,0,5,2043
387.4608265,RCR,0,6,2043
387.8963055,RCR,0,7,2043
388.519817,RCR,0,8,2043
389.1164396,RCR,0,9,2043
389.7065474,RCR,0,10,2043
390.2799033,RCR,0,11,2043
390.8384519,RCR,0,12,2043
391.4678289,RCR,0,1,2044
392.0540404,RCR,0,2,2044
392.6749378,RCR,0,3,2044
393.0895159,RCR,0,4,2044
393.6742132,RCR,0,5,2044
394.26379,RCR,0,6,2044
394.8313539,RCR,0,7,2044
395.4897042,RCR,0,8,2044
395.9099092,RCR,0,9,2044
396.5167831,RCR,0,10,2044
397.0107759,RCR,0,11,2044
397.7413198,RCR,0,12,2044
398.3476169,RCR,0,1,2045
398.7964673,RCR,0,2,2045
399.3846326,RCR,0,3,2045
399.9032329,RCR,0,4,2045
400.2459658,RCR,0,5,2045
400.8018315,RCR,0,6,2045
401.4205651,RCR,0,7,2045
402.0704712,RCR,0,8,2045
402.6581591,RCR,0,9,2045
403.256268,RCR,0,10,2045
403.7328298,RCR,0,11,2045
404.3479996,RCR,0,12,2045
404.7129355,RCR,0,1,2046
405.2167828,RCR,0,2,2046
405.68948,RCR,0,3,2046
406.1666377,RCR,0,4,2046
406.8198735,RCR,0,5,2046
407.2347007,RCR,0,6,2046
407.7838196,RCR,0,7,2046
408.1157108,RCR,0,8,2046
408.7030223,RCR,0,9,2046
409.2479164,RCR,0,10,2046
409.7445797,RCR,0,11,2046
410.2217788,RCR,0,12,2046
410.8059186,RCR,0,1,2047
411.2867719,RCR,0,2,2047
411.6674901,RCR,0,3,2047
412.3598113,RCR,0,4,2047
412.9064716,RCR,0,5,2047
413.3695244,RCR,0,6,2047
413.9519358,RCR,0,7,2047
414.3992289,RCR,0,8,2047
414.8617748,RCR,0,9,2047
415.4095739,RCR,0,10,2047
415.9683496,RCR,0,11,2047
416.4710779,RCR,0,12,2047
417.0013353,RCR,0,1,2048
417.5491251,RCR,0,2,2048
418.070088,RCR,0,3,2048
418.718486,RCR,0,4,2048
419.3283188,RCR,0,5,2048
419.8972184,RCR,0,6,2048
420.5455618,RCR,0,7,2048
421.1999739,RCR,0,8,2048
421.8727628,RCR,0,9,2048
422.2929926,RCR,0,10,2048
422.9830747,RCR,0,11,2048
423.7035056,RCR,0,12,2048
424.2687362,RCR,0,1,2049
424.8220059,RCR,0,2,2049
425.3517174,RCR,0,3,2049
425.944173,RCR,0,4,2049
426.585454,RCR,0,5,2049
427.1246104,RCR,0,6,2049
427.6793842,RCR,0,7,2049
428.1449013,RCR,0,8,2049
428.7800827,RCR,0,9,2049
429.4251766,RCR,0,10,2049
429.9426564,RCR,0,11,2049
430.4959265,RCR,0,12,2049
430.9848204,RCR,0,1,2050
431.6040618,RCR,0,2,2050
432.2238405,RCR,0,3,2050
432.6974306,RCR,0,4,2050
433.4060819,RCR,0,5,2050
433.7830419,RCR,0,6,2050
434.2427594,RCR,0,7,2050
434.6914915,RCR,0,8,2050
435.267628,RCR,0,9,2050
435.8357597,RCR,0,10,2050
436.2710625,RCR,0,11,2050
436.8486897,RCR,0,12,2050
